time,agent,action,symbol,shares,price,total,trade_pnl,reason
2026-04-20 15:22,Momentum Agent,BUY,MRK,1,118.56,118.56,,"MRK is ranked #3 out of 25 stocks by momentum. It gained 2.53% over the last 10 hours, showing strong upward price pressure."
2026-04-20 15:22,RSI Agent,BUY,NFLX,1,93.975,93.97,,"NFLX's RSI is 10.6, which is below 35. RSI below 35 means the stock has been sold off heavily and is considered oversold — statistically likely to bounce back up."
2026-04-20 15:22,MA Crossover,BUY,BAC,2,53.585,107.17,,BAC's 10-hour average price ($53.96) is above its 30-hour average ($53.87). This means short-term momentum is stronger than the longer trend — a bullish signal.
2026-04-20 15:22,MA Crossover,BUY,KO,1,76.06,76.06,,KO's 10-hour average price ($75.80) is above its 30-hour average ($75.66). This means short-term momentum is stronger than the longer trend — a bullish signal.
2026-04-20 15:22,Dividend Agent,BUY,VZ,2,46.895,93.79,,"VZ pays a 6.08% annual dividend yield, ranking it among the top dividend payers on the watchlist. Its price ($46.90) is above its 30-hour average ($45.96), confirming a healthy trend. Buying to collect steady income while holding."
2026-04-20 15:22,Dividend Agent,BUY,O,1,65.145,65.14,,"O pays a 4.97% annual dividend yield, ranking it among the top dividend payers on the watchlist. Its price ($65.14) is above its 30-hour average ($64.24), confirming a healthy trend. Buying to collect steady income while holding."
2026-04-20 15:22,Dividend Agent,BUY,T,5,26.59,132.95,,"T pays a 4.19% annual dividend yield, ranking it among the top dividend payers on the watchlist. Its price ($26.59) is above its 30-hour average ($26.04), confirming a healthy trend. Buying to collect steady income while holding."
2026-04-20 16:45,Momentum Agent,SELL,MRK,1,118.31,118.31,-0.25,MRK dropped out of the top 5 momentum stocks (current momentum: 0.70%). Rotating into stronger performers.
2026-04-20 16:45,MA Crossover,BUY,WMT,1,128.17,128.17,,WMT's 10-hour average price ($127.17) is above its 30-hour average ($125.47). This means short-term momentum is stronger than the longer trend — a bullish signal.
2026-04-20 16:45,MA Crossover,BUY,MRK,1,118.31,118.31,,MRK's 10-hour average price ($118.25) is above its 30-hour average ($117.84). This means short-term momentum is stronger than the longer trend — a bullish signal.
2026-04-20 16:45,MA Crossover,BUY,PEP,1,156.76,156.76,,PEP's 10-hour average price ($157.38) is above its 30-hour average ($156.64). This means short-term momentum is stronger than the longer trend — a bullish signal.
2026-04-21 16:38,RSI Agent,BUY,MRK,1,112.66,112.66,,"MRK's RSI is 18.8, which is below 35. RSI below 35 means the stock has been sold off heavily and is considered oversold — statistically likely to bounce back up."
2026-04-21 16:38,RSI Agent,BUY,KO,1,74.86,74.86,,"KO's RSI is 27.8, which is below 35. RSI below 35 means the stock has been sold off heavily and is considered oversold — statistically likely to bounce back up."
2026-04-21 16:38,MA Crossover,SELL,BAC,2,53.765,107.53,0.36,BAC's 10-hour average ($53.87) dropped below its 30-hour average ($53.98). This crossover is a classic bearish signal — the short-term trend has turned down.
2026-04-21 16:38,MA Crossover,SELL,MRK,1,112.66,112.66,-5.65,MRK's 10-hour average ($115.93) dropped below its 30-hour average ($116.82). This crossover is a classic bearish signal — the short-term trend has turned down.
2026-04-21 16:38,MA Crossover,SELL,PEP,1,154.65,154.65,-2.11,PEP's 10-hour average ($155.96) dropped below its 30-hour average ($156.69). This crossover is a classic bearish signal — the short-term trend has turned down.
2026-04-21 16:38,MA Crossover,SELL,KO,1,74.86,74.86,-1.2,KO's 10-hour average ($75.34) dropped below its 30-hour average ($75.45). This crossover is a classic bearish signal — the short-term trend has turned down.
2026-04-21 16:38,Dividend Agent,BUY,MO,2,64.875,129.75,,"MO pays a 6.56% annual dividend yield, ranking it among the top dividend payers on the watchlist. Its price ($64.88) is above its 30-hour average ($64.59), confirming a healthy trend. Buying to collect steady income while holding."
2026-04-21 16:38,Dividend Agent,BUY,NEE,1,91.5,91.5,,"NEE pays a 2.71% annual dividend yield, ranking it among the top dividend payers on the watchlist. Its price ($91.50) is above its 30-hour average ($91.47), confirming a healthy trend. Buying to collect steady income while holding."
2026-04-22 16:40,RSI Agent,BUY,PG,1,142.433,142.43,,"PG's RSI is 28.9, which is below 35. RSI below 35 means the stock has been sold off heavily and is considered oversold — statistically likely to bounce back up."
2026-04-23 17:55,Momentum Agent,BUY,KO,1,76.53,76.53,,"KO is ranked #2 out of 25 stocks by momentum. It gained 2.02% over the last 10 hours, showing strong upward price pressure."
2026-04-23 17:55,Momentum Agent,BUY,MRK,1,114.62,114.62,,"MRK is ranked #3 out of 25 stocks by momentum. It gained 2.01% over the last 10 hours, showing strong upward price pressure."
2026-04-23 17:55,Momentum Agent,BUY,WMT,1,132.13,132.13,,"WMT is ranked #5 out of 25 stocks by momentum. It gained 1.60% over the last 10 hours, showing strong upward price pressure."
2026-04-23 17:55,RSI Agent,SELL,PG,1,145.5,145.5,3.07,"PG's RSI climbed to 74.1, above 65. RSI above 65 means the stock is overbought — buyers are exhausted and a pullback is likely. Selling to lock in gains."
2026-04-23 17:55,RSI Agent,BUY,BAC,3,52.47,157.41,,"BAC's RSI is 32.3, which is below 35. RSI below 35 means the stock has been sold off heavily and is considered oversold — statistically likely to bounce back up."
2026-04-23 17:55,RSI Agent,SELL,MRK,1,114.62,114.62,1.96,"MRK's RSI climbed to 77.1, above 65. RSI above 65 means the stock is overbought — buyers are exhausted and a pullback is likely. Selling to lock in gains."
2026-04-23 17:55,RSI Agent,SELL,KO,1,76.53,76.53,1.67,"KO's RSI climbed to 67.4, above 65. RSI above 65 means the stock is overbought — buyers are exhausted and a pullback is likely. Selling to lock in gains."
2026-04-23 17:55,MA Crossover,BUY,KO,1,76.53,76.53,,KO's 10-hour average price ($75.54) is above its 30-hour average ($75.45). This means short-term momentum is stronger than the longer trend — a bullish signal.
2026-04-24 16:14,Momentum Agent,SELL,MRK,1,112.255,112.25,-2.37,MRK lost momentum: down 0.55% over the last 10 hours. Selling to avoid further losses.
2026-04-24 16:14,Momentum Agent,SELL,WMT,1,130.5,130.5,-1.63,WMT dropped out of the top 5 momentum stocks (current momentum: 0.42%). Rotating into stronger performers.
2026-04-24 18:09,Momentum Agent,SELL,KO,1,76.505,76.5,-0.03,KO dropped out of the top 5 momentum stocks (current momentum: 0.38%). Rotating into stronger performers.
2026-04-27 17:49,RSI Agent,BUY,MRK,1,111.125,111.12,,"MRK's RSI is 17.1, which is below 35. RSI below 35 means the stock has been sold off heavily and is considered oversold — statistically likely to bounce back up."
2026-04-27 17:49,MA Crossover,SELL,WMT,1,127.93,127.93,-0.24,WMT's 10-hour average ($129.14) dropped below its 30-hour average ($130.06). This crossover is a classic bearish signal — the short-term trend has turned down.
2026-04-28 18:10,Momentum Agent,BUY,KO,1,79.035,79.04,,"KO is ranked #2 out of 25 stocks by momentum. It gained 4.03% over the last 10 hours, showing strong upward price pressure."
2026-04-28 18:10,RSI Agent,SELL,BAC,3,52.785,158.35,0.94,"BAC's RSI climbed to 69.8, above 65. RSI above 65 means the stock is overbought — buyers are exhausted and a pullback is likely. Selling to lock in gains."
2026-04-28 18:10,MA Crossover,BUY,BAC,2,52.785,105.57,,BAC's 10-hour average price ($52.71) is above its 30-hour average ($52.64). This means short-term momentum is stronger than the longer trend — a bullish signal.
2026-04-29 18:03,Momentum Agent,SELL,KO,1,78.97,78.97,-0.07,KO lost momentum: down 1.50% over the last 10 hours. Selling to avoid further losses.
2026-04-29 18:03,Momentum Agent,BUY,NFLX,1,92.24,92.24,,"NFLX is ranked #4 out of 25 stocks by momentum. It gained 1.88% over the last 10 hours, showing strong upward price pressure."
2026-04-30 17:52,Momentum Agent,SELL,NFLX,1,93.53,93.53,1.29,NFLX dropped out of the top 5 momentum stocks (current momentum: 1.10%). Rotating into stronger performers.
2026-04-30 17:52,RSI Agent,SELL,NFLX,1,93.53,93.53,-0.44,"NFLX's RSI climbed to 76.6, above 65. RSI above 65 means the stock is overbought — buyers are exhausted and a pullback is likely. Selling to lock in gains."
2026-04-30 17:52,MA Crossover,BUY,WMT,1,131.81,131.81,,WMT's 10-hour average price ($129.58) is above its 30-hour average ($128.62). This means short-term momentum is stronger than the longer trend — a bullish signal.
2026-04-30 17:52,MA Crossover,BUY,NFLX,1,93.53,93.53,,NFLX's 10-hour average price ($92.69) is above its 30-hour average ($92.17). This means short-term momentum is stronger than the longer trend — a bullish signal.
2026-05-01 16:13,MA Crossover,BUY,XOM,1,152.385,152.38,,XOM's 10-hour average price ($154.10) is above its 30-hour average ($152.22). This means short-term momentum is stronger than the longer trend — a bullish signal.
2026-05-04 18:05,Momentum Agent,BUY,MRK,1,113.61,113.61,,"MRK is ranked #3 out of 25 stocks by momentum. It gained 0.60% over the last 10 hours, showing strong upward price pressure."
2026-05-04 18:05,RSI Agent,BUY,BAC,2,52.475,104.95,,"BAC's RSI is 34.7, which is below 35. RSI below 35 means the stock has been sold off heavily and is considered oversold — statistically likely to bounce back up."
2026-05-04 18:05,RSI Agent,SELL,MRK,1,113.61,113.61,2.49,"MRK's RSI climbed to 68.2, above 65. RSI above 65 means the stock is overbought — buyers are exhausted and a pullback is likely. Selling to lock in gains."
2026-05-04 18:05,RSI Agent,BUY,NFLX,1,91.23,91.23,,"NFLX's RSI is 22.3, which is below 35. RSI below 35 means the stock has been sold off heavily and is considered oversold — statistically likely to bounce back up."
2026-05-04 18:05,MA Crossover,SELL,XOM,1,153.625,153.62,1.24,XOM's 10-hour average ($153.10) dropped below its 30-hour average ($153.33). This crossover is a classic bearish signal — the short-term trend has turned down.
2026-05-04 18:05,MA Crossover,SELL,BAC,2,52.475,104.95,-0.62,BAC's 10-hour average ($52.84) dropped below its 30-hour average ($52.99). This crossover is a classic bearish signal — the short-term trend has turned down.
2026-05-04 18:05,MA Crossover,BUY,MRK,1,113.61,113.61,,MRK's 10-hour average price ($112.97) is above its 30-hour average ($111.41). This means short-term momentum is stronger than the longer trend — a bullish signal.
2026-05-04 18:05,MA Crossover,SELL,KO,1,78.365,78.36,1.83,KO's 10-hour average ($78.45) dropped below its 30-hour average ($78.68). This crossover is a classic bearish signal — the short-term trend has turned down.
2026-05-04 18:05,MA Crossover,SELL,NFLX,1,91.23,91.23,-2.3,NFLX's 10-hour average ($92.07) dropped below its 30-hour average ($92.51). This crossover is a classic bearish signal — the short-term trend has turned down.
2026-05-05 18:02,Momentum Agent,SELL,MRK,1,113.55,113.55,-0.06,MRK dropped out of the top 5 momentum stocks (current momentum: 0.18%). Rotating into stronger performers.
2026-05-05 18:02,Momentum Agent,BUY,BAC,2,53.185,106.37,,"BAC is ranked #3 out of 25 stocks by momentum. It gained 2.07% over the last 10 hours, showing strong upward price pressure."
2026-05-05 18:02,MA Crossover,SELL,WMT,1,131.31,131.31,-0.5,WMT's 10-hour average ($130.53) dropped below its 30-hour average ($130.78). This crossover is a classic bearish signal — the short-term trend has turned down.
2026-05-06 18:06,Momentum Agent,SELL,BAC,2,53.59,107.18,0.81,BAC dropped out of the top 5 momentum stocks (current momentum: 0.72%). Rotating into stronger performers.
2026-05-06 18:06,RSI Agent,SELL,BAC,2,53.59,107.18,2.23,"BAC's RSI climbed to 81.2, above 65. RSI above 65 means the stock is overbought — buyers are exhausted and a pullback is likely. Selling to lock in gains."
2026-05-06 18:06,MA Crossover,BUY,BAC,2,53.59,107.18,,BAC's 10-hour average price ($53.45) is above its 30-hour average ($53.17). This means short-term momentum is stronger than the longer trend — a bullish signal.
2026-05-06 18:06,MA Crossover,BUY,KO,1,79.015,79.01,,KO's 10-hour average price ($78.70) is above its 30-hour average ($78.55). This means short-term momentum is stronger than the longer trend — a bullish signal.
2026-05-07 18:16,RSI Agent,BUY,MRK,1,111.8,111.8,,"MRK's RSI is 31.7, which is below 35. RSI below 35 means the stock has been sold off heavily and is considered oversold — statistically likely to bounce back up."
2026-05-07 18:16,MA Crossover,SELL,MRK,1,111.8,111.8,-1.81,MRK's 10-hour average ($112.50) dropped below its 30-hour average ($112.98). This crossover is a classic bearish signal — the short-term trend has turned down.
2026-05-08 16:58,RSI Agent,BUY,BAC,2,51.485,102.97,,"BAC's RSI is 14.9, which is below 35. RSI below 35 means the stock has been sold off heavily and is considered oversold — statistically likely to bounce back up."
2026-05-08 16:58,MA Crossover,BUY,WMT,1,130.97,130.97,,WMT's 10-hour average price ($130.37) is above its 30-hour average ($130.35). This means short-term momentum is stronger than the longer trend — a bullish signal.
2026-05-08 16:58,MA Crossover,SELL,BAC,2,51.485,102.97,-4.21,BAC's 10-hour average ($52.50) dropped below its 30-hour average ($52.91). This crossover is a classic bearish signal — the short-term trend has turned down.
2026-05-11 19:17,RSI Agent,BUY,WMT,1,126.74,126.74,,"WMT's RSI is 22.0, which is below 35. RSI below 35 means the stock has been sold off heavily and is considered oversold — statistically likely to bounce back up."
2026-05-11 19:17,RSI Agent,BUY,PG,1,142.615,142.62,,"PG's RSI is 22.9, which is below 35. RSI below 35 means the stock has been sold off heavily and is considered oversold — statistically likely to bounce back up."
2026-05-11 19:17,MA Crossover,SELL,WMT,1,126.74,126.74,-4.23,WMT's 10-hour average ($128.69) dropped below its 30-hour average ($129.75). This crossover is a classic bearish signal — the short-term trend has turned down.
2026-05-11 19:17,MA Crossover,SELL,KO,1,78.3101,78.31,-0.7,KO's 10-hour average ($78.29) dropped below its 30-hour average ($78.62). This crossover is a classic bearish signal — the short-term trend has turned down.
2026-05-12 19:20,Momentum Agent,BUY,KO,1,80.165,80.17,,"KO is ranked #3 out of 25 stocks by momentum. It gained 2.89% over the last 10 hours, showing strong upward price pressure."
2026-05-12 19:20,MA Crossover,BUY,MRK,1,113.05,113.05,,MRK's 10-hour average price ($112.54) is above its 30-hour average ($112.35). This means short-term momentum is stronger than the longer trend — a bullish signal.
2026-05-12 19:20,MA Crossover,BUY,KO,1,80.165,80.17,,KO's 10-hour average price ($79.29) is above its 30-hour average ($78.85). This means short-term momentum is stronger than the longer trend — a bullish signal.
2026-05-13 19:24,Momentum Agent,SELL,KO,1,80.375,80.38,0.21,KO dropped out of the top 5 momentum stocks (current momentum: 0.61%). Rotating into stronger performers.
2026-05-13 19:24,RSI Agent,SELL,WMT,1,131.32,131.32,4.58,"WMT's RSI climbed to 80.4, above 65. RSI above 65 means the stock is overbought — buyers are exhausted and a pullback is likely. Selling to lock in gains."
2026-05-13 19:24,RSI Agent,SELL,MRK,1,113.78,113.78,1.98,"MRK's RSI climbed to 73.3, above 65. RSI above 65 means the stock is overbought — buyers are exhausted and a pullback is likely. Selling to lock in gains."
2026-05-13 19:24,RSI Agent,SELL,NFLX,1,88.09,88.09,-3.14,"NFLX's RSI climbed to 69.2, above 65. RSI above 65 means the stock is overbought — buyers are exhausted and a pullback is likely. Selling to lock in gains."
2026-05-13 19:24,MA Crossover,BUY,NFLX,1,88.09,88.09,,NFLX's 10-hour average price ($87.66) is above its 30-hour average ($87.41). This means short-term momentum is stronger than the longer trend — a bullish signal.
2026-05-14 19:22,MA Crossover,BUY,WMT,1,132.015,132.01,,WMT's 10-hour average price ($131.76) is above its 30-hour average ($130.18). This means short-term momentum is stronger than the longer trend — a bullish signal.
2026-05-14 19:22,MA Crossover,BUY,XOM,1,152.56,152.56,,XOM's 10-hour average price ($151.98) is above its 30-hour average ($150.09). This means short-term momentum is stronger than the longer trend — a bullish signal.
2026-05-15 18:13,RSI Agent,BUY,MRK,1,111.2,111.2,,"MRK's RSI is 29.1, which is below 35. RSI below 35 means the stock has been sold off heavily and is considered oversold — statistically likely to bounce back up."
2026-05-15 18:13,MA Crossover,SELL,MRK,1,111.2,111.2,-1.85,MRK's 10-hour average ($112.34) dropped below its 30-hour average ($112.69). This crossover is a classic bearish signal — the short-term trend has turned down.
2026-05-15 18:13,MA Crossover,SELL,NFLX,1,87.215,87.21,-0.88,NFLX's 10-hour average ($87.31) dropped below its 30-hour average ($87.34). This crossover is a classic bearish signal — the short-term trend has turned down.
2026-05-15 18:13,Dividend Agent,SELL,T,5,24.415,122.08,-10.87,"STOP-LOSS: T dropped 8.2% from the entry price (bought at $26.59, now $24.42). Selling automatically to protect capital before losses grow further."
2026-05-15 18:13,Dividend Agent,BUY,CVX,1,189.62,189.62,,"CVX pays a 3.81% annual dividend yield, ranking it among the top dividend payers on the watchlist. Its price ($189.62) is above its 30-hour average ($186.27), confirming a healthy trend. Buying to collect steady income while holding."
